[{"@type":"dssTask","id":"@1","name":"dss_m3_23_27_1580186087804","description":"dss task","maxLogs":10,"sourceConnectionId":"@kmEYaNyygEdhsCpu0ZYbGr","targetConnectionId":"@jTCg2ls2PMnjOaieUMHPq4","targetObject":"perf_mmmdss_output_27.csv","targetObjectLabel":"perf_mmmdss_output_27.csv","operation":"Insert","maxRows":0,"truncateTarget":false,"bulkApiDBTarget":false,"verbose":false,"srcFlatFileAttrs":{"@type":"flatFileAttrs","id":826641,"delimiter":",","textQualifier":"\"","escapeChar":"","headerLineNo":1,"firstDataRow":2},"tgtFlatFileAttrs":{"@type":"flatFileAttrs","id":826643,"delimiter":",","textQualifier":"\"","escapeChar":"","headerLineNo":1,"firstDataRow":2},"targetMetadataUpdated":false,"modelVersion":"V3-R600","queryAll":false,"srcSettings":{"@type":"taskDataSourceSetting","isShowLabels":false,"isNaturalOrder":true},"tgtSettings":{"@type":"taskDataSourceSetting","isShowLabels":false,"isNaturalOrder":true},"cfSettings":{"@type":"taskDataSourceSetting","isShowLabels":false,"isNaturalOrder":true},"bulkApi":false,"bulkApiSerialMode":false,"bulkApiMonitor":false,"isTargetObjectSfCustom":false,"allowNullUpdates":false,"targetBatchSize":200,"assignmentRuleId":"-1","assignmentRuleType":"None","createSuccessFile":false,"bulkApiHardDelete":false,"srcRuntimeAttrs":{"@type":"taskRuntimeAttrs","attrs":{}},"tgtRuntimeAttrs":{"@type":"taskRuntimeAttrs","attrs":{}},"sourceObjects":[{"@type":"mObject","name":"perf_dss_source_1.csv","label":"perf_dss_source_1.csv","metadataUpdated":false,"relations":[],"children":[]}],"advancedFilters":[],"filters":[],"fieldMaps":[{"@type":"fieldMap","id":"18831671","targetField":{"@type":"field","id":106987361,"name":"ID","type":"nstring","uniqueName":"ID","label":"ID","parentObject":"perf_mmmdss_output_27.csv","pcType":"UNISTRING","precision":255,"scale":0,"columnIndex":0,"isKey":false,"isExternalId":false,"isSfIdLookup":false,"isNullable":true,"isUnique":false,"isCreateable":false,"isUpdateable":true,"isFilterable":true,"isCalculated":false,"showLabel":false,"naturalOrder":0,"linkedFields":["ID"],"relatedInfos":[],"references":[]},"expression":"ID"},{"@type":"fieldMap","id":"18831673","targetField":{"@type":"field","id":106987363,"name":"USERNAME","type":"nstring","uniqueName":"USERNAME","label":"USERNAME","parentObject":"perf_mmmdss_output_27.csv","pcType":"UNISTRING","precision":255,"scale":0,"columnIndex":1,"isKey":false,"isExternalId":false,"isSfIdLookup":false,"isNullable":true,"isUnique":false,"isCreateable":false,"isUpdateable":true,"isFilterable":true,"isCalculated":false,"showLabel":false,"naturalOrder":0,"linkedFields":["USERNAME"],"relatedInfos":[],"references":[]},"expression":"USERNAME"},{"@type":"fieldMap","id":"18831675","targetField":{"@type":"field","id":106987365,"name":"NAME","type":"nstring","uniqueName":"NAME","label":"NAME","parentObject":"perf_mmmdss_output_27.csv","pcType":"UNISTRING","precision":255,"scale":0,"columnIndex":2,"isKey":false,"isExternalId":false,"isSfIdLookup":false,"isNullable":true,"isUnique":false,"isCreateable":false,"isUpdateable":true,"isFilterable":true,"isCalculated":false,"showLabel":false,"naturalOrder":0,"linkedFields":["NAME"],"relatedInfos":[],"references":[]},"expression":"NAME"},{"@type":"fieldMap","id":"18831677","targetField":{"@type":"field","id":106987367,"name":"COMPANYNAME","type":"nstring","uniqueName":"COMPANYNAME","label":"COMPANYNAME","parentObject":"perf_mmmdss_output_27.csv","pcType":"UNISTRING","precision":255,"scale":0,"columnIndex":3,"isKey":false,"isExternalId":false,"isSfIdLookup":false,"isNullable":true,"isUnique":false,"isCreateable":false,"isUpdateable":true,"isFilterable":true,"isCalculated":false,"showLabel":false,"naturalOrder":0,"linkedFields":["COMPANYNAME"],"relatedInfos":[],"references":[]},"expression":"COMPANYNAME"},{"@type":"fieldMap","id":"18831679","targetField":{"@type":"field","id":106987369,"name":"DIVISION","type":"nstring","uniqueName":"DIVISION","label":"DIVISION","parentObject":"perf_mmmdss_output_27.csv","pcType":"UNISTRING","precision":255,"scale":0,"columnIndex":4,"isKey":false,"isExternalId":false,"isSfIdLookup":false,"isNullable":true,"isUnique":false,"isCreateable":false,"isUpdateable":true,"isFilterable":true,"isCalculated":false,"showLabel":false,"naturalOrder":0,"linkedFields":["DIVISION"],"relatedInfos":[],"references":[]},"expression":"DIVISION"},{"@type":"fieldMap","id":"18831681","targetField":{"@type":"field","id":106987371,"name":"DEPARTMENT","type":"nstring","uniqueName":"DEPARTMENT","label":"DEPARTMENT","parentObject":"perf_mmmdss_output_27.csv","pcType":"UNISTRING","precision":255,"scale":0,"columnIndex":5,"isKey":false,"isExternalId":false,"isSfIdLookup":false,"isNullable":true,"isUnique":false,"isCreateable":false,"isUpdateable":true,"isFilterable":true,"isCalculated":false,"showLabel":false,"naturalOrder":0,"linkedFields":["DEPARTMENT"],"relatedInfos":[],"references":[]},"expression":"DEPARTMENT"},{"@type":"fieldMap","id":"18831683","targetField":{"@type":"field","id":106987373,"name":"TITLE","type":"nstring","uniqueName":"TITLE","label":"TITLE","parentObject":"perf_mmmdss_output_27.csv","pcType":"UNISTRING","precision":255,"scale":0,"columnIndex":6,"isKey":false,"isExternalId":false,"isSfIdLookup":false,"isNullable":true,"isUnique":false,"isCreateable":false,"isUpdateable":true,"isFilterable":true,"isCalculated":false,"showLabel":false,"naturalOrder":0,"linkedFields":["TITLE"],"relatedInfos":[],"references":[]},"expression":"TITLE"},{"@type":"fieldMap","id":"18831685","targetField":{"@type":"field","id":106987375,"name":"STREET","type":"nstring","uniqueName":"STREET","label":"STREET","parentObject":"perf_mmmdss_output_27.csv","pcType":"UNISTRING","precision":255,"scale":0,"columnIndex":7,"isKey":false,"isExternalId":false,"isSfIdLookup":false,"isNullable":true,"isUnique":false,"isCreateable":false,"isUpdateable":true,"isFilterable":true,"isCalculated":false,"showLabel":false,"naturalOrder":0,"linkedFields":["STREET"],"relatedInfos":[],"references":[]},"expression":"STREET"},{"@type":"fieldMap","id":"18831687","targetField":{"@type":"field","id":106987377,"name":"CITY","type":"nstring","uniqueName":"CITY","label":"CITY","parentObject":"perf_mmmdss_output_27.csv","pcType":"UNISTRING","precision":255,"scale":0,"columnIndex":8,"isKey":false,"isExternalId":false,"isSfIdLookup":false,"isNullable":true,"isUnique":false,"isCreateable":false,"isUpdateable":true,"isFilterable":true,"isCalculated":false,"showLabel":false,"naturalOrder":0,"linkedFields":["CITY"],"relatedInfos":[],"references":[]},"expression":"CITY"},{"@type":"fieldMap","id":"18831689","targetField":{"@type":"field","id":106987379,"name":"STATE","type":"nstring","uniqueName":"STATE","label":"STATE","parentObject":"perf_mmmdss_output_27.csv","pcType":"UNISTRING","precision":255,"scale":0,"columnIndex":9,"isKey":false,"isExternalId":false,"isSfIdLookup":false,"isNullable":true,"isUnique":false,"isCreateable":false,"isUpdateable":true,"isFilterable":true,"isCalculated":false,"showLabel":false,"naturalOrder":0,"linkedFields":["STATE"],"relatedInfos":[],"references":[]},"expression":"STATE"},{"@type":"fieldMap","id":"18831691","targetField":{"@type":"field","id":106987381,"name":"POSTALCODE","type":"nstring","uniqueName":"POSTALCODE","label":"POSTALCODE","parentObject":"perf_mmmdss_output_27.csv","pcType":"UNISTRING","precision":255,"scale":0,"columnIndex":10,"isKey":false,"isExternalId":false,"isSfIdLookup":false,"isNullable":true,"isUnique":false,"isCreateable":false,"isUpdateable":true,"isFilterable":true,"isCalculated":false,"showLabel":false,"naturalOrder":0,"linkedFields":["POSTALCODE"],"relatedInfos":[],"references":[]},"expression":"POSTALCODE"}],"sourceFields":[{"@type":"field","id":106987383,"name":"ID","type":"nstring","uniqueName":"ID","label":"ID","parentObject":"perf_dss_source_1.csv","pcType":"UNISTRING","precision":255,"scale":0,"columnIndex":0,"isKey":false,"isExternalId":false,"isSfIdLookup":false,"isNullable":true,"isUnique":false,"isCreateable":false,"isUpdateable":true,"isFilterable":true,"isCalculated":false,"showLabel":false,"naturalOrder":0,"linkedFields":["ID"],"relatedInfos":[],"references":[]},{"@type":"field","id":106987385,"name":"USERNAME","type":"nstring","uniqueName":"USERNAME","label":"USERNAME","parentObject":"perf_dss_source_1.csv","pcType":"UNISTRING","precision":255,"scale":0,"columnIndex":1,"isKey":false,"isExternalId":false,"isSfIdLookup":false,"isNullable":true,"isUnique":false,"isCreateable":false,"isUpdateable":true,"isFilterable":true,"isCalculated":false,"showLabel":false,"naturalOrder":0,"linkedFields":["USERNAME"],"relatedInfos":[],"references":[]},{"@type":"field","id":106987387,"name":"NAME","type":"nstring","uniqueName":"NAME","label":"NAME","parentObject":"perf_dss_source_1.csv","pcType":"UNISTRING","precision":255,"scale":0,"columnIndex":2,"isKey":false,"isExternalId":false,"isSfIdLookup":false,"isNullable":true,"isUnique":false,"isCreateable":false,"isUpdateable":true,"isFilterable":true,"isCalculated":false,"showLabel":false,"naturalOrder":0,"linkedFields":["NAME"],"relatedInfos":[],"references":[]},{"@type":"field","id":106987389,"name":"COMPANYNAME","type":"nstring","uniqueName":"COMPANYNAME","label":"COMPANYNAME","parentObject":"perf_dss_source_1.csv","pcType":"UNISTRING","precision":255,"scale":0,"columnIndex":3,"isKey":false,"isExternalId":false,"isSfIdLookup":false,"isNullable":true,"isUnique":false,"isCreateable":false,"isUpdateable":true,"isFilterable":true,"isCalculated":false,"showLabel":false,"naturalOrder":0,"linkedFields":["COMPANYNAME"],"relatedInfos":[],"references":[]},{"@type":"field","id":106987391,"name":"DIVISION","type":"nstring","uniqueName":"DIVISION","label":"DIVISION","parentObject":"perf_dss_source_1.csv","pcType":"UNISTRING","precision":255,"scale":0,"columnIndex":4,"isKey":false,"isExternalId":false,"isSfIdLookup":false,"isNullable":true,"isUnique":false,"isCreateable":false,"isUpdateable":true,"isFilterable":true,"isCalculated":false,"showLabel":false,"naturalOrder":0,"linkedFields":["DIVISION"],"relatedInfos":[],"references":[]},{"@type":"field","id":106987393,"name":"DEPARTMENT","type":"nstring","uniqueName":"DEPARTMENT","label":"DEPARTMENT","parentObject":"perf_dss_source_1.csv","pcType":"UNISTRING","precision":255,"scale":0,"columnIndex":5,"isKey":false,"isExternalId":false,"isSfIdLookup":false,"isNullable":true,"isUnique":false,"isCreateable":false,"isUpdateable":true,"isFilterable":true,"isCalculated":false,"showLabel":false,"naturalOrder":0,"linkedFields":["DEPARTMENT"],"relatedInfos":[],"references":[]},{"@type":"field","id":106987395,"name":"TITLE","type":"nstring","uniqueName":"TITLE","label":"TITLE","parentObject":"perf_dss_source_1.csv","pcType":"UNISTRING","precision":255,"scale":0,"columnIndex":6,"isKey":false,"isExternalId":false,"isSfIdLookup":false,"isNullable":true,"isUnique":false,"isCreateable":false,"isUpdateable":true,"isFilterable":true,"isCalculated":false,"showLabel":false,"naturalOrder":0,"linkedFields":["TITLE"],"relatedInfos":[],"references":[]},{"@type":"field","id":106987397,"name":"STREET","type":"nstring","uniqueName":"STREET","label":"STREET","parentObject":"perf_dss_source_1.csv","pcType":"UNISTRING","precision":255,"scale":0,"columnIndex":7,"isKey":false,"isExternalId":false,"isSfIdLookup":false,"isNullable":true,"isUnique":false,"isCreateable":false,"isUpdateable":true,"isFilterable":true,"isCalculated":false,"showLabel":false,"naturalOrder":0,"linkedFields":["STREET"],"relatedInfos":[],"references":[]},{"@type":"field","id":106987399,"name":"CITY","type":"nstring","uniqueName":"CITY","label":"CITY","parentObject":"perf_dss_source_1.csv","pcType":"UNISTRING","precision":255,"scale":0,"columnIndex":8,"isKey":false,"isExternalId":false,"isSfIdLookup":false,"isNullable":true,"isUnique":false,"isCreateable":false,"isUpdateable":true,"isFilterable":true,"isCalculated":false,"showLabel":false,"naturalOrder":0,"linkedFields":["CITY"],"relatedInfos":[],"references":[]},{"@type":"field","id":106987401,"name":"STATE","type":"nstring","uniqueName":"STATE","label":"STATE","parentObject":"perf_dss_source_1.csv","pcType":"UNISTRING","precision":255,"scale":0,"columnIndex":9,"isKey":false,"isExternalId":false,"isSfIdLookup":false,"isNullable":true,"isUnique":false,"isCreateable":false,"isUpdateable":true,"isFilterable":true,"isCalculated":false,"showLabel":false,"naturalOrder":0,"linkedFields":["STATE"],"relatedInfos":[],"references":[]},{"@type":"field","id":106987403,"name":"POSTALCODE","type":"nstring","uniqueName":"POSTALCODE","label":"POSTALCODE","parentObject":"perf_dss_source_1.csv","pcType":"UNISTRING","precision":255,"scale":0,"columnIndex":10,"isKey":false,"isExternalId":false,"isSfIdLookup":false,"isNullable":true,"isUnique":false,"isCreateable":false,"isUpdateable":true,"isFilterable":true,"isCalculated":false,"showLabel":false,"naturalOrder":0,"linkedFields":["POSTALCODE"],"relatedInfos":[],"references":[]}],"sortFields":[],"groupFields":[]}]