[{"@type":"dssTask","id":"@1","name":"dss_m3_23_15_1580186699299","description":"dss task","maxLogs":10,"sourceConnectionId":"@9EfYcF04LgZbXH5PTKTVuX","targetConnectionId":"@1SttZ2bJ1e0esNzWoBwaK3","targetObject":"perf_mmmdss_output_15.csv","targetObjectLabel":"perf_mmmdss_output_15.csv","operation":"Insert","maxRows":0,"truncateTarget":false,"bulkApiDBTarget":false,"verbose":false,"srcFlatFileAttrs":{"@type":"flatFileAttrs","id":826797,"delimiter":",","textQualifier":"\"","escapeChar":"","headerLineNo":1,"firstDataRow":2},"tgtFlatFileAttrs":{"@type":"flatFileAttrs","id":826799,"delimiter":",","textQualifier":"\"","escapeChar":"","headerLineNo":1,"firstDataRow":2},"targetMetadataUpdated":false,"modelVersion":"V3-R600","queryAll":false,"srcSettings":{"@type":"taskDataSourceSetting","isShowLabels":false,"isNaturalOrder":true},"tgtSettings":{"@type":"taskDataSourceSetting","isShowLabels":false,"isNaturalOrder":true},"cfSettings":{"@type":"taskDataSourceSetting","isShowLabels":false,"isNaturalOrder":true},"bulkApi":false,"bulkApiSerialMode":false,"bulkApiMonitor":false,"isTargetObjectSfCustom":false,"allowNullUpdates":false,"targetBatchSize":200,"assignmentRuleId":"-1","assignmentRuleType":"None","createSuccessFile":false,"bulkApiHardDelete":false,"srcRuntimeAttrs":{"@type":"taskRuntimeAttrs","attrs":{}},"tgtRuntimeAttrs":{"@type":"taskRuntimeAttrs","attrs":{}},"sourceObjects":[{"@type":"mObject","name":"perf_dss_source_1.csv","label":"perf_dss_source_1.csv","metadataUpdated":false,"relations":[],"children":[]}],"advancedFilters":[],"filters":[],"fieldMaps":[{"@type":"fieldMap","id":"18832529","targetField":{"@type":"field","id":106989077,"name":"ID","type":"nstring","uniqueName":"ID","label":"ID","parentObject":"perf_mmmdss_output_15.csv","pcType":"UNISTRING","precision":255,"scale":0,"columnIndex":0,"isKey":false,"isExternalId":false,"isSfIdLookup":false,"isNullable":true,"isUnique":false,"isCreateable":false,"isUpdateable":true,"isFilterable":true,"isCalculated":false,"showLabel":false,"naturalOrder":0,"linkedFields":["ID"],"relatedInfos":[],"references":[]},"expression":"ID"},{"@type":"fieldMap","id":"18832531","targetField":{"@type":"field","id":106989079,"name":"USERNAME","type":"nstring","uniqueName":"USERNAME","label":"USERNAME","parentObject":"perf_mmmdss_output_15.csv","pcType":"UNISTRING","precision":255,"scale":0,"columnIndex":1,"isKey":false,"isExternalId":false,"isSfIdLookup":false,"isNullable":true,"isUnique":false,"isCreateable":false,"isUpdateable":true,"isFilterable":true,"isCalculated":false,"showLabel":false,"naturalOrder":0,"linkedFields":["USERNAME"],"relatedInfos":[],"references":[]},"expression":"USERNAME"},{"@type":"fieldMap","id":"18832533","targetField":{"@type":"field","id":106989081,"name":"NAME","type":"nstring","uniqueName":"NAME","label":"NAME","parentObject":"perf_mmmdss_output_15.csv","pcType":"UNISTRING","precision":255,"scale":0,"columnIndex":2,"isKey":false,"isExternalId":false,"isSfIdLookup":false,"isNullable":true,"isUnique":false,"isCreateable":false,"isUpdateable":true,"isFilterable":true,"isCalculated":false,"showLabel":false,"naturalOrder":0,"linkedFields":["NAME"],"relatedInfos":[],"references":[]},"expression":"NAME"},{"@type":"fieldMap","id":"18832535","targetField":{"@type":"field","id":106989083,"name":"COMPANYNAME","type":"nstring","uniqueName":"COMPANYNAME","label":"COMPANYNAME","parentObject":"perf_mmmdss_output_15.csv","pcType":"UNISTRING","precision":255,"scale":0,"columnIndex":3,"isKey":false,"isExternalId":false,"isSfIdLookup":false,"isNullable":true,"isUnique":false,"isCreateable":false,"isUpdateable":true,"isFilterable":true,"isCalculated":false,"showLabel":false,"naturalOrder":0,"linkedFields":["COMPANYNAME"],"relatedInfos":[],"references":[]},"expression":"COMPANYNAME"},{"@type":"fieldMap","id":"18832537","targetField":{"@type":"field","id":106989085,"name":"DIVISION","type":"nstring","uniqueName":"DIVISION","label":"DIVISION","parentObject":"perf_mmmdss_output_15.csv","pcType":"UNISTRING","precision":255,"scale":0,"columnIndex":4,"isKey":false,"isExternalId":false,"isSfIdLookup":false,"isNullable":true,"isUnique":false,"isCreateable":false,"isUpdateable":true,"isFilterable":true,"isCalculated":false,"showLabel":false,"naturalOrder":0,"linkedFields":["DIVISION"],"relatedInfos":[],"references":[]},"expression":"DIVISION"},{"@type":"fieldMap","id":"18832539","targetField":{"@type":"field","id":106989087,"name":"DEPARTMENT","type":"nstring","uniqueName":"DEPARTMENT","label":"DEPARTMENT","parentObject":"perf_mmmdss_output_15.csv","pcType":"UNISTRING","precision":255,"scale":0,"columnIndex":5,"isKey":false,"isExternalId":false,"isSfIdLookup":false,"isNullable":true,"isUnique":false,"isCreateable":false,"isUpdateable":true,"isFilterable":true,"isCalculated":false,"showLabel":false,"naturalOrder":0,"linkedFields":["DEPARTMENT"],"relatedInfos":[],"references":[]},"expression":"DEPARTMENT"},{"@type":"fieldMap","id":"18832541","targetField":{"@type":"field","id":106989089,"name":"TITLE","type":"nstring","uniqueName":"TITLE","label":"TITLE","parentObject":"perf_mmmdss_output_15.csv","pcType":"UNISTRING","precision":255,"scale":0,"columnIndex":6,"isKey":false,"isExternalId":false,"isSfIdLookup":false,"isNullable":true,"isUnique":false,"isCreateable":false,"isUpdateable":true,"isFilterable":true,"isCalculated":false,"showLabel":false,"naturalOrder":0,"linkedFields":["TITLE"],"relatedInfos":[],"references":[]},"expression":"TITLE"},{"@type":"fieldMap","id":"18832543","targetField":{"@type":"field","id":106989091,"name":"STREET","type":"nstring","uniqueName":"STREET","label":"STREET","parentObject":"perf_mmmdss_output_15.csv","pcType":"UNISTRING","precision":255,"scale":0,"columnIndex":7,"isKey":false,"isExternalId":false,"isSfIdLookup":false,"isNullable":true,"isUnique":false,"isCreateable":false,"isUpdateable":true,"isFilterable":true,"isCalculated":false,"showLabel":false,"naturalOrder":0,"linkedFields":["STREET"],"relatedInfos":[],"references":[]},"expression":"STREET"},{"@type":"fieldMap","id":"18832545","targetField":{"@type":"field","id":106989093,"name":"CITY","type":"nstring","uniqueName":"CITY","label":"CITY","parentObject":"perf_mmmdss_output_15.csv","pcType":"UNISTRING","precision":255,"scale":0,"columnIndex":8,"isKey":false,"isExternalId":false,"isSfIdLookup":false,"isNullable":true,"isUnique":false,"isCreateable":false,"isUpdateable":true,"isFilterable":true,"isCalculated":false,"showLabel":false,"naturalOrder":0,"linkedFields":["CITY"],"relatedInfos":[],"references":[]},"expression":"CITY"},{"@type":"fieldMap","id":"18832547","targetField":{"@type":"field","id":106989095,"name":"STATE","type":"nstring","uniqueName":"STATE","label":"STATE","parentObject":"perf_mmmdss_output_15.csv","pcType":"UNISTRING","precision":255,"scale":0,"columnIndex":9,"isKey":false,"isExternalId":false,"isSfIdLookup":false,"isNullable":true,"isUnique":false,"isCreateable":false,"isUpdateable":true,"isFilterable":true,"isCalculated":false,"showLabel":false,"naturalOrder":0,"linkedFields":["STATE"],"relatedInfos":[],"references":[]},"expression":"STATE"},{"@type":"fieldMap","id":"18832549","targetField":{"@type":"field","id":106989097,"name":"POSTALCODE","type":"nstring","uniqueName":"POSTALCODE","label":"POSTALCODE","parentObject":"perf_mmmdss_output_15.csv","pcType":"UNISTRING","precision":255,"scale":0,"columnIndex":10,"isKey":false,"isExternalId":false,"isSfIdLookup":false,"isNullable":true,"isUnique":false,"isCreateable":false,"isUpdateable":true,"isFilterable":true,"isCalculated":false,"showLabel":false,"naturalOrder":0,"linkedFields":["POSTALCODE"],"relatedInfos":[],"references":[]},"expression":"POSTALCODE"}],"sourceFields":[{"@type":"field","id":106989099,"name":"ID","type":"nstring","uniqueName":"ID","label":"ID","parentObject":"perf_dss_source_1.csv","pcType":"UNISTRING","precision":255,"scale":0,"columnIndex":0,"isKey":false,"isExternalId":false,"isSfIdLookup":false,"isNullable":true,"isUnique":false,"isCreateable":false,"isUpdateable":true,"isFilterable":true,"isCalculated":false,"showLabel":false,"naturalOrder":0,"linkedFields":["ID"],"relatedInfos":[],"references":[]},{"@type":"field","id":106989101,"name":"USERNAME","type":"nstring","uniqueName":"USERNAME","label":"USERNAME","parentObject":"perf_dss_source_1.csv","pcType":"UNISTRING","precision":255,"scale":0,"columnIndex":1,"isKey":false,"isExternalId":false,"isSfIdLookup":false,"isNullable":true,"isUnique":false,"isCreateable":false,"isUpdateable":true,"isFilterable":true,"isCalculated":false,"showLabel":false,"naturalOrder":0,"linkedFields":["USERNAME"],"relatedInfos":[],"references":[]},{"@type":"field","id":106989103,"name":"NAME","type":"nstring","uniqueName":"NAME","label":"NAME","parentObject":"perf_dss_source_1.csv","pcType":"UNISTRING","precision":255,"scale":0,"columnIndex":2,"isKey":false,"isExternalId":false,"isSfIdLookup":false,"isNullable":true,"isUnique":false,"isCreateable":false,"isUpdateable":true,"isFilterable":true,"isCalculated":false,"showLabel":false,"naturalOrder":0,"linkedFields":["NAME"],"relatedInfos":[],"references":[]},{"@type":"field","id":106989105,"name":"COMPANYNAME","type":"nstring","uniqueName":"COMPANYNAME","label":"COMPANYNAME","parentObject":"perf_dss_source_1.csv","pcType":"UNISTRING","precision":255,"scale":0,"columnIndex":3,"isKey":false,"isExternalId":false,"isSfIdLookup":false,"isNullable":true,"isUnique":false,"isCreateable":false,"isUpdateable":true,"isFilterable":true,"isCalculated":false,"showLabel":false,"naturalOrder":0,"linkedFields":["COMPANYNAME"],"relatedInfos":[],"references":[]},{"@type":"field","id":106989107,"name":"DIVISION","type":"nstring","uniqueName":"DIVISION","label":"DIVISION","parentObject":"perf_dss_source_1.csv","pcType":"UNISTRING","precision":255,"scale":0,"columnIndex":4,"isKey":false,"isExternalId":false,"isSfIdLookup":false,"isNullable":true,"isUnique":false,"isCreateable":false,"isUpdateable":true,"isFilterable":true,"isCalculated":false,"showLabel":false,"naturalOrder":0,"linkedFields":["DIVISION"],"relatedInfos":[],"references":[]},{"@type":"field","id":106989109,"name":"DEPARTMENT","type":"nstring","uniqueName":"DEPARTMENT","label":"DEPARTMENT","parentObject":"perf_dss_source_1.csv","pcType":"UNISTRING","precision":255,"scale":0,"columnIndex":5,"isKey":false,"isExternalId":false,"isSfIdLookup":false,"isNullable":true,"isUnique":false,"isCreateable":false,"isUpdateable":true,"isFilterable":true,"isCalculated":false,"showLabel":false,"naturalOrder":0,"linkedFields":["DEPARTMENT"],"relatedInfos":[],"references":[]},{"@type":"field","id":106989111,"name":"TITLE","type":"nstring","uniqueName":"TITLE","label":"TITLE","parentObject":"perf_dss_source_1.csv","pcType":"UNISTRING","precision":255,"scale":0,"columnIndex":6,"isKey":false,"isExternalId":false,"isSfIdLookup":false,"isNullable":true,"isUnique":false,"isCreateable":false,"isUpdateable":true,"isFilterable":true,"isCalculated":false,"showLabel":false,"naturalOrder":0,"linkedFields":["TITLE"],"relatedInfos":[],"references":[]},{"@type":"field","id":106989113,"name":"STREET","type":"nstring","uniqueName":"STREET","label":"STREET","parentObject":"perf_dss_source_1.csv","pcType":"UNISTRING","precision":255,"scale":0,"columnIndex":7,"isKey":false,"isExternalId":false,"isSfIdLookup":false,"isNullable":true,"isUnique":false,"isCreateable":false,"isUpdateable":true,"isFilterable":true,"isCalculated":false,"showLabel":false,"naturalOrder":0,"linkedFields":["STREET"],"relatedInfos":[],"references":[]},{"@type":"field","id":106989115,"name":"CITY","type":"nstring","uniqueName":"CITY","label":"CITY","parentObject":"perf_dss_source_1.csv","pcType":"UNISTRING","precision":255,"scale":0,"columnIndex":8,"isKey":false,"isExternalId":false,"isSfIdLookup":false,"isNullable":true,"isUnique":false,"isCreateable":false,"isUpdateable":true,"isFilterable":true,"isCalculated":false,"showLabel":false,"naturalOrder":0,"linkedFields":["CITY"],"relatedInfos":[],"references":[]},{"@type":"field","id":106989117,"name":"STATE","type":"nstring","uniqueName":"STATE","label":"STATE","parentObject":"perf_dss_source_1.csv","pcType":"UNISTRING","precision":255,"scale":0,"columnIndex":9,"isKey":false,"isExternalId":false,"isSfIdLookup":false,"isNullable":true,"isUnique":false,"isCreateable":false,"isUpdateable":true,"isFilterable":true,"isCalculated":false,"showLabel":false,"naturalOrder":0,"linkedFields":["STATE"],"relatedInfos":[],"references":[]},{"@type":"field","id":106989119,"name":"POSTALCODE","type":"nstring","uniqueName":"POSTALCODE","label":"POSTALCODE","parentObject":"perf_dss_source_1.csv","pcType":"UNISTRING","precision":255,"scale":0,"columnIndex":10,"isKey":false,"isExternalId":false,"isSfIdLookup":false,"isNullable":true,"isUnique":false,"isCreateable":false,"isUpdateable":true,"isFilterable":true,"isCalculated":false,"showLabel":false,"naturalOrder":0,"linkedFields":["POSTALCODE"],"relatedInfos":[],"references":[]}],"sortFields":[],"groupFields":[]}]