[{"@type":"dssTask","id":"@1","name":"dsss_100_1_1580175370509","description":"dss task","maxLogs":10,"sourceConnectionId":"@6W5lkQxXJaZhsea1ngukuU","targetConnectionId":"@6oMWr6JCWgwhw9ydpG1R0e","targetObject":"perf_dss_output_1.csv","targetObjectLabel":"perf_dss_output_1.csv","operation":"Insert","maxRows":0,"truncateTarget":false,"bulkApiDBTarget":false,"verbose":false,"srcFlatFileAttrs":{"@type":"flatFileAttrs","id":827649,"delimiter":",","textQualifier":"\"","escapeChar":"","headerLineNo":1,"firstDataRow":2},"tgtFlatFileAttrs":{"@type":"flatFileAttrs","id":827651,"delimiter":",","textQualifier":"\"","escapeChar":"","headerLineNo":1,"firstDataRow":2},"targetMetadataUpdated":false,"modelVersion":"V3-R600","queryAll":false,"srcSettings":{"@type":"taskDataSourceSetting","isShowLabels":false,"isNaturalOrder":true},"tgtSettings":{"@type":"taskDataSourceSetting","isShowLabels":false,"isNaturalOrder":true},"cfSettings":{"@type":"taskDataSourceSetting","isShowLabels":false,"isNaturalOrder":true},"bulkApi":false,"bulkApiSerialMode":false,"bulkApiMonitor":false,"isTargetObjectSfCustom":false,"allowNullUpdates":false,"targetBatchSize":200,"assignmentRuleId":"-1","assignmentRuleType":"None","createSuccessFile":false,"bulkApiHardDelete":false,"srcRuntimeAttrs":{"@type":"taskRuntimeAttrs","attrs":{}},"tgtRuntimeAttrs":{"@type":"taskRuntimeAttrs","attrs":{}},"sourceObjects":[{"@type":"mObject","name":"perf_dss_source_1.csv","label":"perf_dss_source_1.csv","metadataUpdated":false,"relations":[],"children":[]}],"advancedFilters":[],"filters":[],"fieldMaps":[{"@type":"fieldMap","id":"18837215","targetField":{"@type":"field","id":106998449,"name":"ID","type":"nstring","uniqueName":"ID","label":"ID","parentObject":"perf_dss_output_1.csv","pcType":"UNISTRING","precision":255,"scale":0,"columnIndex":0,"isKey":false,"isExternalId":false,"isSfIdLookup":false,"isNullable":true,"isUnique":false,"isCreateable":false,"isUpdateable":true,"isFilterable":true,"isCalculated":false,"showLabel":false,"naturalOrder":0,"linkedFields":["ID"],"relatedInfos":[],"references":[]},"expression":"ID"},{"@type":"fieldMap","id":"18837217","targetField":{"@type":"field","id":106998451,"name":"USERNAME","type":"nstring","uniqueName":"USERNAME","label":"USERNAME","parentObject":"perf_dss_output_1.csv","pcType":"UNISTRING","precision":255,"scale":0,"columnIndex":1,"isKey":false,"isExternalId":false,"isSfIdLookup":false,"isNullable":true,"isUnique":false,"isCreateable":false,"isUpdateable":true,"isFilterable":true,"isCalculated":false,"showLabel":false,"naturalOrder":0,"linkedFields":["USERNAME"],"relatedInfos":[],"references":[]},"expression":"USERNAME"},{"@type":"fieldMap","id":"18837219","targetField":{"@type":"field","id":106998453,"name":"NAME","type":"nstring","uniqueName":"NAME","label":"NAME","parentObject":"perf_dss_output_1.csv","pcType":"UNISTRING","precision":255,"scale":0,"columnIndex":2,"isKey":false,"isExternalId":false,"isSfIdLookup":false,"isNullable":true,"isUnique":false,"isCreateable":false,"isUpdateable":true,"isFilterable":true,"isCalculated":false,"showLabel":false,"naturalOrder":0,"linkedFields":["NAME"],"relatedInfos":[],"references":[]},"expression":"NAME"},{"@type":"fieldMap","id":"18837221","targetField":{"@type":"field","id":106998455,"name":"COMPANYNAME","type":"nstring","uniqueName":"COMPANYNAME","label":"COMPANYNAME","parentObject":"perf_dss_output_1.csv","pcType":"UNISTRING","precision":255,"scale":0,"columnIndex":3,"isKey":false,"isExternalId":false,"isSfIdLookup":false,"isNullable":true,"isUnique":false,"isCreateable":false,"isUpdateable":true,"isFilterable":true,"isCalculated":false,"showLabel":false,"naturalOrder":0,"linkedFields":["COMPANYNAME"],"relatedInfos":[],"references":[]},"expression":"COMPANYNAME"},{"@type":"fieldMap","id":"18837223","targetField":{"@type":"field","id":106998457,"name":"DIVISION","type":"nstring","uniqueName":"DIVISION","label":"DIVISION","parentObject":"perf_dss_output_1.csv","pcType":"UNISTRING","precision":255,"scale":0,"columnIndex":4,"isKey":false,"isExternalId":false,"isSfIdLookup":false,"isNullable":true,"isUnique":false,"isCreateable":false,"isUpdateable":true,"isFilterable":true,"isCalculated":false,"showLabel":false,"naturalOrder":0,"linkedFields":["DIVISION"],"relatedInfos":[],"references":[]},"expression":"DIVISION"},{"@type":"fieldMap","id":"18837225","targetField":{"@type":"field","id":106998459,"name":"DEPARTMENT","type":"nstring","uniqueName":"DEPARTMENT","label":"DEPARTMENT","parentObject":"perf_dss_output_1.csv","pcType":"UNISTRING","precision":255,"scale":0,"columnIndex":5,"isKey":false,"isExternalId":false,"isSfIdLookup":false,"isNullable":true,"isUnique":false,"isCreateable":false,"isUpdateable":true,"isFilterable":true,"isCalculated":false,"showLabel":false,"naturalOrder":0,"linkedFields":["DEPARTMENT"],"relatedInfos":[],"references":[]},"expression":"DEPARTMENT"},{"@type":"fieldMap","id":"18837227","targetField":{"@type":"field","id":106998461,"name":"TITLE","type":"nstring","uniqueName":"TITLE","label":"TITLE","parentObject":"perf_dss_output_1.csv","pcType":"UNISTRING","precision":255,"scale":0,"columnIndex":6,"isKey":false,"isExternalId":false,"isSfIdLookup":false,"isNullable":true,"isUnique":false,"isCreateable":false,"isUpdateable":true,"isFilterable":true,"isCalculated":false,"showLabel":false,"naturalOrder":0,"linkedFields":["TITLE"],"relatedInfos":[],"references":[]},"expression":"TITLE"},{"@type":"fieldMap","id":"18837229","targetField":{"@type":"field","id":106998463,"name":"STREET","type":"nstring","uniqueName":"STREET","label":"STREET","parentObject":"perf_dss_output_1.csv","pcType":"UNISTRING","precision":255,"scale":0,"columnIndex":7,"isKey":false,"isExternalId":false,"isSfIdLookup":false,"isNullable":true,"isUnique":false,"isCreateable":false,"isUpdateable":true,"isFilterable":true,"isCalculated":false,"showLabel":false,"naturalOrder":0,"linkedFields":["STREET"],"relatedInfos":[],"references":[]},"expression":"STREET"},{"@type":"fieldMap","id":"18837231","targetField":{"@type":"field","id":106998465,"name":"CITY","type":"nstring","uniqueName":"CITY","label":"CITY","parentObject":"perf_dss_output_1.csv","pcType":"UNISTRING","precision":255,"scale":0,"columnIndex":8,"isKey":false,"isExternalId":false,"isSfIdLookup":false,"isNullable":true,"isUnique":false,"isCreateable":false,"isUpdateable":true,"isFilterable":true,"isCalculated":false,"showLabel":false,"naturalOrder":0,"linkedFields":["CITY"],"relatedInfos":[],"references":[]},"expression":"CITY"},{"@type":"fieldMap","id":"18837233","targetField":{"@type":"field","id":106998467,"name":"STATE","type":"nstring","uniqueName":"STATE","label":"STATE","parentObject":"perf_dss_output_1.csv","pcType":"UNISTRING","precision":255,"scale":0,"columnIndex":9,"isKey":false,"isExternalId":false,"isSfIdLookup":false,"isNullable":true,"isUnique":false,"isCreateable":false,"isUpdateable":true,"isFilterable":true,"isCalculated":false,"showLabel":false,"naturalOrder":0,"linkedFields":["STATE"],"relatedInfos":[],"references":[]},"expression":"STATE"},{"@type":"fieldMap","id":"18837235","targetField":{"@type":"field","id":106998469,"name":"POSTALCODE","type":"nstring","uniqueName":"POSTALCODE","label":"POSTALCODE","parentObject":"perf_dss_output_1.csv","pcType":"UNISTRING","precision":255,"scale":0,"columnIndex":10,"isKey":false,"isExternalId":false,"isSfIdLookup":false,"isNullable":true,"isUnique":false,"isCreateable":false,"isUpdateable":true,"isFilterable":true,"isCalculated":false,"showLabel":false,"naturalOrder":0,"linkedFields":["POSTALCODE"],"relatedInfos":[],"references":[]},"expression":"POSTALCODE"}],"sourceFields":[{"@type":"field","id":106998471,"name":"ID","type":"nstring","uniqueName":"ID","label":"ID","parentObject":"perf_dss_source_1.csv","pcType":"UNISTRING","precision":255,"scale":0,"columnIndex":0,"isKey":false,"isExternalId":false,"isSfIdLookup":false,"isNullable":true,"isUnique":false,"isCreateable":false,"isUpdateable":true,"isFilterable":true,"isCalculated":false,"showLabel":false,"naturalOrder":0,"linkedFields":["ID"],"relatedInfos":[],"references":[]},{"@type":"field","id":106998473,"name":"USERNAME","type":"nstring","uniqueName":"USERNAME","label":"USERNAME","parentObject":"perf_dss_source_1.csv","pcType":"UNISTRING","precision":255,"scale":0,"columnIndex":1,"isKey":false,"isExternalId":false,"isSfIdLookup":false,"isNullable":true,"isUnique":false,"isCreateable":false,"isUpdateable":true,"isFilterable":true,"isCalculated":false,"showLabel":false,"naturalOrder":0,"linkedFields":["USERNAME"],"relatedInfos":[],"references":[]},{"@type":"field","id":106998475,"name":"NAME","type":"nstring","uniqueName":"NAME","label":"NAME","parentObject":"perf_dss_source_1.csv","pcType":"UNISTRING","precision":255,"scale":0,"columnIndex":2,"isKey":false,"isExternalId":false,"isSfIdLookup":false,"isNullable":true,"isUnique":false,"isCreateable":false,"isUpdateable":true,"isFilterable":true,"isCalculated":false,"showLabel":false,"naturalOrder":0,"linkedFields":["NAME"],"relatedInfos":[],"references":[]},{"@type":"field","id":106998477,"name":"COMPANYNAME","type":"nstring","uniqueName":"COMPANYNAME","label":"COMPANYNAME","parentObject":"perf_dss_source_1.csv","pcType":"UNISTRING","precision":255,"scale":0,"columnIndex":3,"isKey":false,"isExternalId":false,"isSfIdLookup":false,"isNullable":true,"isUnique":false,"isCreateable":false,"isUpdateable":true,"isFilterable":true,"isCalculated":false,"showLabel":false,"naturalOrder":0,"linkedFields":["COMPANYNAME"],"relatedInfos":[],"references":[]},{"@type":"field","id":106998479,"name":"DIVISION","type":"nstring","uniqueName":"DIVISION","label":"DIVISION","parentObject":"perf_dss_source_1.csv","pcType":"UNISTRING","precision":255,"scale":0,"columnIndex":4,"isKey":false,"isExternalId":false,"isSfIdLookup":false,"isNullable":true,"isUnique":false,"isCreateable":false,"isUpdateable":true,"isFilterable":true,"isCalculated":false,"showLabel":false,"naturalOrder":0,"linkedFields":["DIVISION"],"relatedInfos":[],"references":[]},{"@type":"field","id":106998481,"name":"DEPARTMENT","type":"nstring","uniqueName":"DEPARTMENT","label":"DEPARTMENT","parentObject":"perf_dss_source_1.csv","pcType":"UNISTRING","precision":255,"scale":0,"columnIndex":5,"isKey":false,"isExternalId":false,"isSfIdLookup":false,"isNullable":true,"isUnique":false,"isCreateable":false,"isUpdateable":true,"isFilterable":true,"isCalculated":false,"showLabel":false,"naturalOrder":0,"linkedFields":["DEPARTMENT"],"relatedInfos":[],"references":[]},{"@type":"field","id":106998483,"name":"TITLE","type":"nstring","uniqueName":"TITLE","label":"TITLE","parentObject":"perf_dss_source_1.csv","pcType":"UNISTRING","precision":255,"scale":0,"columnIndex":6,"isKey":false,"isExternalId":false,"isSfIdLookup":false,"isNullable":true,"isUnique":false,"isCreateable":false,"isUpdateable":true,"isFilterable":true,"isCalculated":false,"showLabel":false,"naturalOrder":0,"linkedFields":["TITLE"],"relatedInfos":[],"references":[]},{"@type":"field","id":106998485,"name":"STREET","type":"nstring","uniqueName":"STREET","label":"STREET","parentObject":"perf_dss_source_1.csv","pcType":"UNISTRING","precision":255,"scale":0,"columnIndex":7,"isKey":false,"isExternalId":false,"isSfIdLookup":false,"isNullable":true,"isUnique":false,"isCreateable":false,"isUpdateable":true,"isFilterable":true,"isCalculated":false,"showLabel":false,"naturalOrder":0,"linkedFields":["STREET"],"relatedInfos":[],"references":[]},{"@type":"field","id":106998487,"name":"CITY","type":"nstring","uniqueName":"CITY","label":"CITY","parentObject":"perf_dss_source_1.csv","pcType":"UNISTRING","precision":255,"scale":0,"columnIndex":8,"isKey":false,"isExternalId":false,"isSfIdLookup":false,"isNullable":true,"isUnique":false,"isCreateable":false,"isUpdateable":true,"isFilterable":true,"isCalculated":false,"showLabel":false,"naturalOrder":0,"linkedFields":["CITY"],"relatedInfos":[],"references":[]},{"@type":"field","id":106998489,"name":"STATE","type":"nstring","uniqueName":"STATE","label":"STATE","parentObject":"perf_dss_source_1.csv","pcType":"UNISTRING","precision":255,"scale":0,"columnIndex":9,"isKey":false,"isExternalId":false,"isSfIdLookup":false,"isNullable":true,"isUnique":false,"isCreateable":false,"isUpdateable":true,"isFilterable":true,"isCalculated":false,"showLabel":false,"naturalOrder":0,"linkedFields":["STATE"],"relatedInfos":[],"references":[]},{"@type":"field","id":106998491,"name":"POSTALCODE","type":"nstring","uniqueName":"POSTALCODE","label":"POSTALCODE","parentObject":"perf_dss_source_1.csv","pcType":"UNISTRING","precision":255,"scale":0,"columnIndex":10,"isKey":false,"isExternalId":false,"isSfIdLookup":false,"isNullable":true,"isUnique":false,"isCreateable":false,"isUpdateable":true,"isFilterable":true,"isCalculated":false,"showLabel":false,"naturalOrder":0,"linkedFields":["POSTALCODE"],"relatedInfos":[],"references":[]}],"sortFields":[],"groupFields":[]}]