[{"@type":"dssTask","id":"@1","name":"dss_m3_23_13_1580186022540","description":"dss task","maxLogs":10,"sourceConnectionId":"@6cmow3tapYMh1JZDoChoEg","targetConnectionId":"@8loOjEPxKFYeg1xRViaLCa","targetObject":"perf_mmmdss_output_13.csv","targetObjectLabel":"perf_mmmdss_output_13.csv","operation":"Insert","maxRows":0,"truncateTarget":false,"bulkApiDBTarget":false,"verbose":false,"srcFlatFileAttrs":{"@type":"flatFileAttrs","id":826993,"delimiter":",","textQualifier":"\"","escapeChar":"","headerLineNo":1,"firstDataRow":2},"tgtFlatFileAttrs":{"@type":"flatFileAttrs","id":826995,"delimiter":",","textQualifier":"\"","escapeChar":"","headerLineNo":1,"firstDataRow":2},"targetMetadataUpdated":false,"modelVersion":"V3-R600","queryAll":false,"srcSettings":{"@type":"taskDataSourceSetting","isShowLabels":false,"isNaturalOrder":true},"tgtSettings":{"@type":"taskDataSourceSetting","isShowLabels":false,"isNaturalOrder":true},"cfSettings":{"@type":"taskDataSourceSetting","isShowLabels":false,"isNaturalOrder":true},"bulkApi":false,"bulkApiSerialMode":false,"bulkApiMonitor":false,"isTargetObjectSfCustom":false,"allowNullUpdates":false,"targetBatchSize":200,"assignmentRuleId":"-1","assignmentRuleType":"None","createSuccessFile":false,"bulkApiHardDelete":false,"srcRuntimeAttrs":{"@type":"taskRuntimeAttrs","attrs":{}},"tgtRuntimeAttrs":{"@type":"taskRuntimeAttrs","attrs":{}},"sourceObjects":[{"@type":"mObject","name":"perf_dss_source_1.csv","label":"perf_dss_source_1.csv","metadataUpdated":false,"relations":[],"children":[]}],"advancedFilters":[],"filters":[],"fieldMaps":[{"@type":"fieldMap","id":"18833607","targetField":{"@type":"field","id":106991233,"name":"ID","type":"nstring","uniqueName":"ID","label":"ID","parentObject":"perf_mmmdss_output_13.csv","pcType":"UNISTRING","precision":255,"scale":0,"columnIndex":0,"isKey":false,"isExternalId":false,"isSfIdLookup":false,"isNullable":true,"isUnique":false,"isCreateable":false,"isUpdateable":true,"isFilterable":true,"isCalculated":false,"showLabel":false,"naturalOrder":0,"linkedFields":["ID"],"relatedInfos":[],"references":[]},"expression":"ID"},{"@type":"fieldMap","id":"18833609","targetField":{"@type":"field","id":106991235,"name":"USERNAME","type":"nstring","uniqueName":"USERNAME","label":"USERNAME","parentObject":"perf_mmmdss_output_13.csv","pcType":"UNISTRING","precision":255,"scale":0,"columnIndex":1,"isKey":false,"isExternalId":false,"isSfIdLookup":false,"isNullable":true,"isUnique":false,"isCreateable":false,"isUpdateable":true,"isFilterable":true,"isCalculated":false,"showLabel":false,"naturalOrder":0,"linkedFields":["USERNAME"],"relatedInfos":[],"references":[]},"expression":"USERNAME"},{"@type":"fieldMap","id":"18833611","targetField":{"@type":"field","id":106991237,"name":"NAME","type":"nstring","uniqueName":"NAME","label":"NAME","parentObject":"perf_mmmdss_output_13.csv","pcType":"UNISTRING","precision":255,"scale":0,"columnIndex":2,"isKey":false,"isExternalId":false,"isSfIdLookup":false,"isNullable":true,"isUnique":false,"isCreateable":false,"isUpdateable":true,"isFilterable":true,"isCalculated":false,"showLabel":false,"naturalOrder":0,"linkedFields":["NAME"],"relatedInfos":[],"references":[]},"expression":"NAME"},{"@type":"fieldMap","id":"18833613","targetField":{"@type":"field","id":106991239,"name":"COMPANYNAME","type":"nstring","uniqueName":"COMPANYNAME","label":"COMPANYNAME","parentObject":"perf_mmmdss_output_13.csv","pcType":"UNISTRING","precision":255,"scale":0,"columnIndex":3,"isKey":false,"isExternalId":false,"isSfIdLookup":false,"isNullable":true,"isUnique":false,"isCreateable":false,"isUpdateable":true,"isFilterable":true,"isCalculated":false,"showLabel":false,"naturalOrder":0,"linkedFields":["COMPANYNAME"],"relatedInfos":[],"references":[]},"expression":"COMPANYNAME"},{"@type":"fieldMap","id":"18833615","targetField":{"@type":"field","id":106991241,"name":"DIVISION","type":"nstring","uniqueName":"DIVISION","label":"DIVISION","parentObject":"perf_mmmdss_output_13.csv","pcType":"UNISTRING","precision":255,"scale":0,"columnIndex":4,"isKey":false,"isExternalId":false,"isSfIdLookup":false,"isNullable":true,"isUnique":false,"isCreateable":false,"isUpdateable":true,"isFilterable":true,"isCalculated":false,"showLabel":false,"naturalOrder":0,"linkedFields":["DIVISION"],"relatedInfos":[],"references":[]},"expression":"DIVISION"},{"@type":"fieldMap","id":"18833617","targetField":{"@type":"field","id":106991243,"name":"DEPARTMENT","type":"nstring","uniqueName":"DEPARTMENT","label":"DEPARTMENT","parentObject":"perf_mmmdss_output_13.csv","pcType":"UNISTRING","precision":255,"scale":0,"columnIndex":5,"isKey":false,"isExternalId":false,"isSfIdLookup":false,"isNullable":true,"isUnique":false,"isCreateable":false,"isUpdateable":true,"isFilterable":true,"isCalculated":false,"showLabel":false,"naturalOrder":0,"linkedFields":["DEPARTMENT"],"relatedInfos":[],"references":[]},"expression":"DEPARTMENT"},{"@type":"fieldMap","id":"18833619","targetField":{"@type":"field","id":106991245,"name":"TITLE","type":"nstring","uniqueName":"TITLE","label":"TITLE","parentObject":"perf_mmmdss_output_13.csv","pcType":"UNISTRING","precision":255,"scale":0,"columnIndex":6,"isKey":false,"isExternalId":false,"isSfIdLookup":false,"isNullable":true,"isUnique":false,"isCreateable":false,"isUpdateable":true,"isFilterable":true,"isCalculated":false,"showLabel":false,"naturalOrder":0,"linkedFields":["TITLE"],"relatedInfos":[],"references":[]},"expression":"TITLE"},{"@type":"fieldMap","id":"18833621","targetField":{"@type":"field","id":106991247,"name":"STREET","type":"nstring","uniqueName":"STREET","label":"STREET","parentObject":"perf_mmmdss_output_13.csv","pcType":"UNISTRING","precision":255,"scale":0,"columnIndex":7,"isKey":false,"isExternalId":false,"isSfIdLookup":false,"isNullable":true,"isUnique":false,"isCreateable":false,"isUpdateable":true,"isFilterable":true,"isCalculated":false,"showLabel":false,"naturalOrder":0,"linkedFields":["STREET"],"relatedInfos":[],"references":[]},"expression":"STREET"},{"@type":"fieldMap","id":"18833623","targetField":{"@type":"field","id":106991249,"name":"CITY","type":"nstring","uniqueName":"CITY","label":"CITY","parentObject":"perf_mmmdss_output_13.csv","pcType":"UNISTRING","precision":255,"scale":0,"columnIndex":8,"isKey":false,"isExternalId":false,"isSfIdLookup":false,"isNullable":true,"isUnique":false,"isCreateable":false,"isUpdateable":true,"isFilterable":true,"isCalculated":false,"showLabel":false,"naturalOrder":0,"linkedFields":["CITY"],"relatedInfos":[],"references":[]},"expression":"CITY"},{"@type":"fieldMap","id":"18833625","targetField":{"@type":"field","id":106991251,"name":"STATE","type":"nstring","uniqueName":"STATE","label":"STATE","parentObject":"perf_mmmdss_output_13.csv","pcType":"UNISTRING","precision":255,"scale":0,"columnIndex":9,"isKey":false,"isExternalId":false,"isSfIdLookup":false,"isNullable":true,"isUnique":false,"isCreateable":false,"isUpdateable":true,"isFilterable":true,"isCalculated":false,"showLabel":false,"naturalOrder":0,"linkedFields":["STATE"],"relatedInfos":[],"references":[]},"expression":"STATE"},{"@type":"fieldMap","id":"18833627","targetField":{"@type":"field","id":106991253,"name":"POSTALCODE","type":"nstring","uniqueName":"POSTALCODE","label":"POSTALCODE","parentObject":"perf_mmmdss_output_13.csv","pcType":"UNISTRING","precision":255,"scale":0,"columnIndex":10,"isKey":false,"isExternalId":false,"isSfIdLookup":false,"isNullable":true,"isUnique":false,"isCreateable":false,"isUpdateable":true,"isFilterable":true,"isCalculated":false,"showLabel":false,"naturalOrder":0,"linkedFields":["POSTALCODE"],"relatedInfos":[],"references":[]},"expression":"POSTALCODE"}],"sourceFields":[{"@type":"field","id":106991255,"name":"ID","type":"nstring","uniqueName":"ID","label":"ID","parentObject":"perf_dss_source_1.csv","pcType":"UNISTRING","precision":255,"scale":0,"columnIndex":0,"isKey":false,"isExternalId":false,"isSfIdLookup":false,"isNullable":true,"isUnique":false,"isCreateable":false,"isUpdateable":true,"isFilterable":true,"isCalculated":false,"showLabel":false,"naturalOrder":0,"linkedFields":["ID"],"relatedInfos":[],"references":[]},{"@type":"field","id":106991257,"name":"USERNAME","type":"nstring","uniqueName":"USERNAME","label":"USERNAME","parentObject":"perf_dss_source_1.csv","pcType":"UNISTRING","precision":255,"scale":0,"columnIndex":1,"isKey":false,"isExternalId":false,"isSfIdLookup":false,"isNullable":true,"isUnique":false,"isCreateable":false,"isUpdateable":true,"isFilterable":true,"isCalculated":false,"showLabel":false,"naturalOrder":0,"linkedFields":["USERNAME"],"relatedInfos":[],"references":[]},{"@type":"field","id":106991259,"name":"NAME","type":"nstring","uniqueName":"NAME","label":"NAME","parentObject":"perf_dss_source_1.csv","pcType":"UNISTRING","precision":255,"scale":0,"columnIndex":2,"isKey":false,"isExternalId":false,"isSfIdLookup":false,"isNullable":true,"isUnique":false,"isCreateable":false,"isUpdateable":true,"isFilterable":true,"isCalculated":false,"showLabel":false,"naturalOrder":0,"linkedFields":["NAME"],"relatedInfos":[],"references":[]},{"@type":"field","id":106991261,"name":"COMPANYNAME","type":"nstring","uniqueName":"COMPANYNAME","label":"COMPANYNAME","parentObject":"perf_dss_source_1.csv","pcType":"UNISTRING","precision":255,"scale":0,"columnIndex":3,"isKey":false,"isExternalId":false,"isSfIdLookup":false,"isNullable":true,"isUnique":false,"isCreateable":false,"isUpdateable":true,"isFilterable":true,"isCalculated":false,"showLabel":false,"naturalOrder":0,"linkedFields":["COMPANYNAME"],"relatedInfos":[],"references":[]},{"@type":"field","id":106991263,"name":"DIVISION","type":"nstring","uniqueName":"DIVISION","label":"DIVISION","parentObject":"perf_dss_source_1.csv","pcType":"UNISTRING","precision":255,"scale":0,"columnIndex":4,"isKey":false,"isExternalId":false,"isSfIdLookup":false,"isNullable":true,"isUnique":false,"isCreateable":false,"isUpdateable":true,"isFilterable":true,"isCalculated":false,"showLabel":false,"naturalOrder":0,"linkedFields":["DIVISION"],"relatedInfos":[],"references":[]},{"@type":"field","id":106991265,"name":"DEPARTMENT","type":"nstring","uniqueName":"DEPARTMENT","label":"DEPARTMENT","parentObject":"perf_dss_source_1.csv","pcType":"UNISTRING","precision":255,"scale":0,"columnIndex":5,"isKey":false,"isExternalId":false,"isSfIdLookup":false,"isNullable":true,"isUnique":false,"isCreateable":false,"isUpdateable":true,"isFilterable":true,"isCalculated":false,"showLabel":false,"naturalOrder":0,"linkedFields":["DEPARTMENT"],"relatedInfos":[],"references":[]},{"@type":"field","id":106991267,"name":"TITLE","type":"nstring","uniqueName":"TITLE","label":"TITLE","parentObject":"perf_dss_source_1.csv","pcType":"UNISTRING","precision":255,"scale":0,"columnIndex":6,"isKey":false,"isExternalId":false,"isSfIdLookup":false,"isNullable":true,"isUnique":false,"isCreateable":false,"isUpdateable":true,"isFilterable":true,"isCalculated":false,"showLabel":false,"naturalOrder":0,"linkedFields":["TITLE"],"relatedInfos":[],"references":[]},{"@type":"field","id":106991269,"name":"STREET","type":"nstring","uniqueName":"STREET","label":"STREET","parentObject":"perf_dss_source_1.csv","pcType":"UNISTRING","precision":255,"scale":0,"columnIndex":7,"isKey":false,"isExternalId":false,"isSfIdLookup":false,"isNullable":true,"isUnique":false,"isCreateable":false,"isUpdateable":true,"isFilterable":true,"isCalculated":false,"showLabel":false,"naturalOrder":0,"linkedFields":["STREET"],"relatedInfos":[],"references":[]},{"@type":"field","id":106991271,"name":"CITY","type":"nstring","uniqueName":"CITY","label":"CITY","parentObject":"perf_dss_source_1.csv","pcType":"UNISTRING","precision":255,"scale":0,"columnIndex":8,"isKey":false,"isExternalId":false,"isSfIdLookup":false,"isNullable":true,"isUnique":false,"isCreateable":false,"isUpdateable":true,"isFilterable":true,"isCalculated":false,"showLabel":false,"naturalOrder":0,"linkedFields":["CITY"],"relatedInfos":[],"references":[]},{"@type":"field","id":106991273,"name":"STATE","type":"nstring","uniqueName":"STATE","label":"STATE","parentObject":"perf_dss_source_1.csv","pcType":"UNISTRING","precision":255,"scale":0,"columnIndex":9,"isKey":false,"isExternalId":false,"isSfIdLookup":false,"isNullable":true,"isUnique":false,"isCreateable":false,"isUpdateable":true,"isFilterable":true,"isCalculated":false,"showLabel":false,"naturalOrder":0,"linkedFields":["STATE"],"relatedInfos":[],"references":[]},{"@type":"field","id":106991275,"name":"POSTALCODE","type":"nstring","uniqueName":"POSTALCODE","label":"POSTALCODE","parentObject":"perf_dss_source_1.csv","pcType":"UNISTRING","precision":255,"scale":0,"columnIndex":10,"isKey":false,"isExternalId":false,"isSfIdLookup":false,"isNullable":true,"isUnique":false,"isCreateable":false,"isUpdateable":true,"isFilterable":true,"isCalculated":false,"showLabel":false,"naturalOrder":0,"linkedFields":["POSTALCODE"],"relatedInfos":[],"references":[]}],"sortFields":[],"groupFields":[]}]