[{"@type":"dssTask","id":"@1","name":"dss_m3_23_26_1580186765440","description":"dss task","maxLogs":10,"sourceConnectionId":"@3575vEiYMdSdUri3lM2KOX","targetConnectionId":"@4vJqhlKqIx5exDFrs86T8e","targetObject":"perf_mmmdss_output_26.csv","targetObjectLabel":"perf_mmmdss_output_26.csv","operation":"Insert","maxRows":0,"truncateTarget":false,"bulkApiDBTarget":false,"verbose":false,"srcFlatFileAttrs":{"@type":"flatFileAttrs","id":826653,"delimiter":",","textQualifier":"\"","escapeChar":"","headerLineNo":1,"firstDataRow":2},"tgtFlatFileAttrs":{"@type":"flatFileAttrs","id":826655,"delimiter":",","textQualifier":"\"","escapeChar":"","headerLineNo":1,"firstDataRow":2},"targetMetadataUpdated":false,"modelVersion":"V3-R600","queryAll":false,"srcSettings":{"@type":"taskDataSourceSetting","isShowLabels":false,"isNaturalOrder":true},"tgtSettings":{"@type":"taskDataSourceSetting","isShowLabels":false,"isNaturalOrder":true},"cfSettings":{"@type":"taskDataSourceSetting","isShowLabels":false,"isNaturalOrder":true},"bulkApi":false,"bulkApiSerialMode":false,"bulkApiMonitor":false,"isTargetObjectSfCustom":false,"allowNullUpdates":false,"targetBatchSize":200,"assignmentRuleId":"-1","assignmentRuleType":"None","createSuccessFile":false,"bulkApiHardDelete":false,"srcRuntimeAttrs":{"@type":"taskRuntimeAttrs","attrs":{}},"tgtRuntimeAttrs":{"@type":"taskRuntimeAttrs","attrs":{}},"sourceObjects":[{"@type":"mObject","name":"perf_dss_source_1.csv","label":"perf_dss_source_1.csv","metadataUpdated":false,"relations":[],"children":[]}],"advancedFilters":[],"filters":[],"fieldMaps":[{"@type":"fieldMap","id":"18831737","targetField":{"@type":"field","id":106987493,"name":"ID","type":"nstring","uniqueName":"ID","label":"ID","parentObject":"perf_mmmdss_output_26.csv","pcType":"UNISTRING","precision":255,"scale":0,"columnIndex":0,"isKey":false,"isExternalId":false,"isSfIdLookup":false,"isNullable":true,"isUnique":false,"isCreateable":false,"isUpdateable":true,"isFilterable":true,"isCalculated":false,"showLabel":false,"naturalOrder":0,"linkedFields":["ID"],"relatedInfos":[],"references":[]},"expression":"ID"},{"@type":"fieldMap","id":"18831739","targetField":{"@type":"field","id":106987495,"name":"USERNAME","type":"nstring","uniqueName":"USERNAME","label":"USERNAME","parentObject":"perf_mmmdss_output_26.csv","pcType":"UNISTRING","precision":255,"scale":0,"columnIndex":1,"isKey":false,"isExternalId":false,"isSfIdLookup":false,"isNullable":true,"isUnique":false,"isCreateable":false,"isUpdateable":true,"isFilterable":true,"isCalculated":false,"showLabel":false,"naturalOrder":0,"linkedFields":["USERNAME"],"relatedInfos":[],"references":[]},"expression":"USERNAME"},{"@type":"fieldMap","id":"18831741","targetField":{"@type":"field","id":106987497,"name":"NAME","type":"nstring","uniqueName":"NAME","label":"NAME","parentObject":"perf_mmmdss_output_26.csv","pcType":"UNISTRING","precision":255,"scale":0,"columnIndex":2,"isKey":false,"isExternalId":false,"isSfIdLookup":false,"isNullable":true,"isUnique":false,"isCreateable":false,"isUpdateable":true,"isFilterable":true,"isCalculated":false,"showLabel":false,"naturalOrder":0,"linkedFields":["NAME"],"relatedInfos":[],"references":[]},"expression":"NAME"},{"@type":"fieldMap","id":"18831743","targetField":{"@type":"field","id":106987499,"name":"COMPANYNAME","type":"nstring","uniqueName":"COMPANYNAME","label":"COMPANYNAME","parentObject":"perf_mmmdss_output_26.csv","pcType":"UNISTRING","precision":255,"scale":0,"columnIndex":3,"isKey":false,"isExternalId":false,"isSfIdLookup":false,"isNullable":true,"isUnique":false,"isCreateable":false,"isUpdateable":true,"isFilterable":true,"isCalculated":false,"showLabel":false,"naturalOrder":0,"linkedFields":["COMPANYNAME"],"relatedInfos":[],"references":[]},"expression":"COMPANYNAME"},{"@type":"fieldMap","id":"18831745","targetField":{"@type":"field","id":106987501,"name":"DIVISION","type":"nstring","uniqueName":"DIVISION","label":"DIVISION","parentObject":"perf_mmmdss_output_26.csv","pcType":"UNISTRING","precision":255,"scale":0,"columnIndex":4,"isKey":false,"isExternalId":false,"isSfIdLookup":false,"isNullable":true,"isUnique":false,"isCreateable":false,"isUpdateable":true,"isFilterable":true,"isCalculated":false,"showLabel":false,"naturalOrder":0,"linkedFields":["DIVISION"],"relatedInfos":[],"references":[]},"expression":"DIVISION"},{"@type":"fieldMap","id":"18831747","targetField":{"@type":"field","id":106987503,"name":"DEPARTMENT","type":"nstring","uniqueName":"DEPARTMENT","label":"DEPARTMENT","parentObject":"perf_mmmdss_output_26.csv","pcType":"UNISTRING","precision":255,"scale":0,"columnIndex":5,"isKey":false,"isExternalId":false,"isSfIdLookup":false,"isNullable":true,"isUnique":false,"isCreateable":false,"isUpdateable":true,"isFilterable":true,"isCalculated":false,"showLabel":false,"naturalOrder":0,"linkedFields":["DEPARTMENT"],"relatedInfos":[],"references":[]},"expression":"DEPARTMENT"},{"@type":"fieldMap","id":"18831749","targetField":{"@type":"field","id":106987505,"name":"TITLE","type":"nstring","uniqueName":"TITLE","label":"TITLE","parentObject":"perf_mmmdss_output_26.csv","pcType":"UNISTRING","precision":255,"scale":0,"columnIndex":6,"isKey":false,"isExternalId":false,"isSfIdLookup":false,"isNullable":true,"isUnique":false,"isCreateable":false,"isUpdateable":true,"isFilterable":true,"isCalculated":false,"showLabel":false,"naturalOrder":0,"linkedFields":["TITLE"],"relatedInfos":[],"references":[]},"expression":"TITLE"},{"@type":"fieldMap","id":"18831751","targetField":{"@type":"field","id":106987507,"name":"STREET","type":"nstring","uniqueName":"STREET","label":"STREET","parentObject":"perf_mmmdss_output_26.csv","pcType":"UNISTRING","precision":255,"scale":0,"columnIndex":7,"isKey":false,"isExternalId":false,"isSfIdLookup":false,"isNullable":true,"isUnique":false,"isCreateable":false,"isUpdateable":true,"isFilterable":true,"isCalculated":false,"showLabel":false,"naturalOrder":0,"linkedFields":["STREET"],"relatedInfos":[],"references":[]},"expression":"STREET"},{"@type":"fieldMap","id":"18831753","targetField":{"@type":"field","id":106987509,"name":"CITY","type":"nstring","uniqueName":"CITY","label":"CITY","parentObject":"perf_mmmdss_output_26.csv","pcType":"UNISTRING","precision":255,"scale":0,"columnIndex":8,"isKey":false,"isExternalId":false,"isSfIdLookup":false,"isNullable":true,"isUnique":false,"isCreateable":false,"isUpdateable":true,"isFilterable":true,"isCalculated":false,"showLabel":false,"naturalOrder":0,"linkedFields":["CITY"],"relatedInfos":[],"references":[]},"expression":"CITY"},{"@type":"fieldMap","id":"18831755","targetField":{"@type":"field","id":106987511,"name":"STATE","type":"nstring","uniqueName":"STATE","label":"STATE","parentObject":"perf_mmmdss_output_26.csv","pcType":"UNISTRING","precision":255,"scale":0,"columnIndex":9,"isKey":false,"isExternalId":false,"isSfIdLookup":false,"isNullable":true,"isUnique":false,"isCreateable":false,"isUpdateable":true,"isFilterable":true,"isCalculated":false,"showLabel":false,"naturalOrder":0,"linkedFields":["STATE"],"relatedInfos":[],"references":[]},"expression":"STATE"},{"@type":"fieldMap","id":"18831757","targetField":{"@type":"field","id":106987513,"name":"POSTALCODE","type":"nstring","uniqueName":"POSTALCODE","label":"POSTALCODE","parentObject":"perf_mmmdss_output_26.csv","pcType":"UNISTRING","precision":255,"scale":0,"columnIndex":10,"isKey":false,"isExternalId":false,"isSfIdLookup":false,"isNullable":true,"isUnique":false,"isCreateable":false,"isUpdateable":true,"isFilterable":true,"isCalculated":false,"showLabel":false,"naturalOrder":0,"linkedFields":["POSTALCODE"],"relatedInfos":[],"references":[]},"expression":"POSTALCODE"}],"sourceFields":[{"@type":"field","id":106987515,"name":"ID","type":"nstring","uniqueName":"ID","label":"ID","parentObject":"perf_dss_source_1.csv","pcType":"UNISTRING","precision":255,"scale":0,"columnIndex":0,"isKey":false,"isExternalId":false,"isSfIdLookup":false,"isNullable":true,"isUnique":false,"isCreateable":false,"isUpdateable":true,"isFilterable":true,"isCalculated":false,"showLabel":false,"naturalOrder":0,"linkedFields":["ID"],"relatedInfos":[],"references":[]},{"@type":"field","id":106987517,"name":"USERNAME","type":"nstring","uniqueName":"USERNAME","label":"USERNAME","parentObject":"perf_dss_source_1.csv","pcType":"UNISTRING","precision":255,"scale":0,"columnIndex":1,"isKey":false,"isExternalId":false,"isSfIdLookup":false,"isNullable":true,"isUnique":false,"isCreateable":false,"isUpdateable":true,"isFilterable":true,"isCalculated":false,"showLabel":false,"naturalOrder":0,"linkedFields":["USERNAME"],"relatedInfos":[],"references":[]},{"@type":"field","id":106987519,"name":"NAME","type":"nstring","uniqueName":"NAME","label":"NAME","parentObject":"perf_dss_source_1.csv","pcType":"UNISTRING","precision":255,"scale":0,"columnIndex":2,"isKey":false,"isExternalId":false,"isSfIdLookup":false,"isNullable":true,"isUnique":false,"isCreateable":false,"isUpdateable":true,"isFilterable":true,"isCalculated":false,"showLabel":false,"naturalOrder":0,"linkedFields":["NAME"],"relatedInfos":[],"references":[]},{"@type":"field","id":106987521,"name":"COMPANYNAME","type":"nstring","uniqueName":"COMPANYNAME","label":"COMPANYNAME","parentObject":"perf_dss_source_1.csv","pcType":"UNISTRING","precision":255,"scale":0,"columnIndex":3,"isKey":false,"isExternalId":false,"isSfIdLookup":false,"isNullable":true,"isUnique":false,"isCreateable":false,"isUpdateable":true,"isFilterable":true,"isCalculated":false,"showLabel":false,"naturalOrder":0,"linkedFields":["COMPANYNAME"],"relatedInfos":[],"references":[]},{"@type":"field","id":106987523,"name":"DIVISION","type":"nstring","uniqueName":"DIVISION","label":"DIVISION","parentObject":"perf_dss_source_1.csv","pcType":"UNISTRING","precision":255,"scale":0,"columnIndex":4,"isKey":false,"isExternalId":false,"isSfIdLookup":false,"isNullable":true,"isUnique":false,"isCreateable":false,"isUpdateable":true,"isFilterable":true,"isCalculated":false,"showLabel":false,"naturalOrder":0,"linkedFields":["DIVISION"],"relatedInfos":[],"references":[]},{"@type":"field","id":106987525,"name":"DEPARTMENT","type":"nstring","uniqueName":"DEPARTMENT","label":"DEPARTMENT","parentObject":"perf_dss_source_1.csv","pcType":"UNISTRING","precision":255,"scale":0,"columnIndex":5,"isKey":false,"isExternalId":false,"isSfIdLookup":false,"isNullable":true,"isUnique":false,"isCreateable":false,"isUpdateable":true,"isFilterable":true,"isCalculated":false,"showLabel":false,"naturalOrder":0,"linkedFields":["DEPARTMENT"],"relatedInfos":[],"references":[]},{"@type":"field","id":106987527,"name":"TITLE","type":"nstring","uniqueName":"TITLE","label":"TITLE","parentObject":"perf_dss_source_1.csv","pcType":"UNISTRING","precision":255,"scale":0,"columnIndex":6,"isKey":false,"isExternalId":false,"isSfIdLookup":false,"isNullable":true,"isUnique":false,"isCreateable":false,"isUpdateable":true,"isFilterable":true,"isCalculated":false,"showLabel":false,"naturalOrder":0,"linkedFields":["TITLE"],"relatedInfos":[],"references":[]},{"@type":"field","id":106987529,"name":"STREET","type":"nstring","uniqueName":"STREET","label":"STREET","parentObject":"perf_dss_source_1.csv","pcType":"UNISTRING","precision":255,"scale":0,"columnIndex":7,"isKey":false,"isExternalId":false,"isSfIdLookup":false,"isNullable":true,"isUnique":false,"isCreateable":false,"isUpdateable":true,"isFilterable":true,"isCalculated":false,"showLabel":false,"naturalOrder":0,"linkedFields":["STREET"],"relatedInfos":[],"references":[]},{"@type":"field","id":106987531,"name":"CITY","type":"nstring","uniqueName":"CITY","label":"CITY","parentObject":"perf_dss_source_1.csv","pcType":"UNISTRING","precision":255,"scale":0,"columnIndex":8,"isKey":false,"isExternalId":false,"isSfIdLookup":false,"isNullable":true,"isUnique":false,"isCreateable":false,"isUpdateable":true,"isFilterable":true,"isCalculated":false,"showLabel":false,"naturalOrder":0,"linkedFields":["CITY"],"relatedInfos":[],"references":[]},{"@type":"field","id":106987533,"name":"STATE","type":"nstring","uniqueName":"STATE","label":"STATE","parentObject":"perf_dss_source_1.csv","pcType":"UNISTRING","precision":255,"scale":0,"columnIndex":9,"isKey":false,"isExternalId":false,"isSfIdLookup":false,"isNullable":true,"isUnique":false,"isCreateable":false,"isUpdateable":true,"isFilterable":true,"isCalculated":false,"showLabel":false,"naturalOrder":0,"linkedFields":["STATE"],"relatedInfos":[],"references":[]},{"@type":"field","id":106987535,"name":"POSTALCODE","type":"nstring","uniqueName":"POSTALCODE","label":"POSTALCODE","parentObject":"perf_dss_source_1.csv","pcType":"UNISTRING","precision":255,"scale":0,"columnIndex":10,"isKey":false,"isExternalId":false,"isSfIdLookup":false,"isNullable":true,"isUnique":false,"isCreateable":false,"isUpdateable":true,"isFilterable":true,"isCalculated":false,"showLabel":false,"naturalOrder":0,"linkedFields":["POSTALCODE"],"relatedInfos":[],"references":[]}],"sortFields":[],"groupFields":[]}]